variety,points,price
Abouriou,87.66666666666667,35.0
Agiorgitiko,86.29292929292929,21.510204081632654
Aglianico,89.09150326797386,37.04
Aidani,82.0,27.0
Airen,81.66666666666667,9.0
Albana,89.56666666666666,25.653846153846153
Albanello,86.0,20.0
Albariño,87.60254372019078,21.093548387096774
Albarossa,88.0,40.0
Albarín,84.0,15.0
Aleatico,86.5,39.142857142857146
Alfrocheiro,89.11111111111111,26.833333333333332
Alicante,87.125,22.25
Alicante Bouschet,88.96825396825396,30.203389830508474
Aligoté,86.3030303030303,18.6875
Alsace white blend,89.85507246376811,33.3134328358209
Altesse,88.83333333333333,17.666666666666668
Alvarelhão,85.66666666666667,20.0
Alvarinho,88.76875,18.857142857142858
Alvarinho-Chardonnay,87.0,11.25
Angevine,87.0,12.666666666666666
Ansonica,87.2,23.333333333333332
Antão Vaz,88.10526315789474,21.666666666666668
Apple,89.33333333333333,31.0
Aragonez,87.91666666666667,22.875
Aragonês,88.6,28.90909090909091
Argaman,88.33333333333333,40.666666666666664
Arinto,87.11235955056179,15.92
Arneis,86.91836734693878,21.02173913043478
Asprinio,84.0,15.0
Assyrtico,87.60317460317461,22.873015873015873
Assyrtiko,89.16666666666667,22.555555555555557
Athiri,83.0,18.0
Austrian Red Blend,89.45569620253164,35.815384615384616
Austrian white blend,90.1625,31.728813559322035
Auxerrois,88.6,22.52
Avesso,88.14285714285714,15.857142857142858
Azal,86.0,13.666666666666666
Babić,88.5,35.0
Babosa Negro,92.0,45.0
Bacchus,91.0,
Baco Noir,86.0625,25.875
Baga,90.12121212121212,37.733333333333334
Baga-Touriga Nacional,91.0,40.0
Barbera,87.59893617021277,26.076326002587322
Barbera-Nebbiolo,87.0,30.0
Bastardo,85.0,25.25
Biancale,85.0,18.0
Biancolella,85.0,26.0
Biancu Gentile,89.0,
Bical,86.86666666666666,15.25
Black Monukka,91.0,25.0
Black Muscat,88.4,23.666666666666668
Blanc du Bois,85.0,27.0
Blatina,85.5,12.5
Blauburger,87.0,17.0
Blauburgunder,93.0,19.0
Blauer Portugieser,86.0,15.4
Blaufränkisch,89.98936170212765,32.806451612903224
Bobal,85.76923076923077,18.923076923076923
Bobal-Cabernet Sauvignon,84.0,9.0
Bombino Bianco,87.0,30.0
Bombino Nero,87.0,11.0
Bonarda,86.17880794701986,15.62251655629139
Bordeaux-style Red Blend,89.21195954206958,47.82183908045977
Bordeaux-style White Blend,89.06297577854671,34.14391143911439
Bovale,88.2,33.75
Boğazkere,89.4,24.8
Brachetto,84.0,18.105263157894736
Braucol,90.66666666666667,30.0
Bual,92.5,78.0
Bukettraube,89.0,18.0
Cabernet,87.4375,20.071428571428573
Cabernet Blend,89.09333333333333,59.653153153153156
Cabernet Franc,87.93041391721655,34.09794135995009
Cabernet Franc-Cabernet Sauvignon,89.3125,28.733333333333334
Cabernet Franc-Carmenère,86.2,20.2
Cabernet Franc-Lemberger,87.0,20.0
Cabernet Franc-Malbec,90.75,54.5
Cabernet Franc-Merlot,89.33333333333333,45.55
Cabernet Franc-Tempranillo,87.0,18.0
Cabernet Merlot,86.54285714285714,21.65625
Cabernet Moravia,86.5,18.0
Cabernet Pfeffer,87.5,30.0
Cabernet Sauvignon,88.38945860352888,45.867494666260285
Cabernet Sauvignon Grenache,87.0,15.666666666666666
Cabernet Sauvignon and Tinta Roriz,86.0,8.0
Cabernet Sauvignon-Barbera,84.0,45.0
Cabernet Sauvignon-Cabernet Franc,88.16216216216216,42.05714285714286
Cabernet Sauvignon-Carmenère,86.75,24.637931034482758
Cabernet Sauvignon-Malbec,87.25531914893617,41.43478260869565
Cabernet Sauvignon-Merlot,87.24663677130044,26.825688073394495
Cabernet Sauvignon-Merlot-Shiraz,88.5,19.5
Cabernet Sauvignon-Sangiovese,88.5,39.84615384615385
Cabernet Sauvignon-Shiraz,87.65217391304348,28.560606060606062
Cabernet Sauvignon-Syrah,88.56164383561644,34.465753424657535
Cabernet Sauvignon-Tempranillo,86.26666666666667,14.733333333333333
Cabernet-Malbec,86.0,11.0
Cabernet-Shiraz,91.0,83.5
Cabernet-Syrah,89.125,25.733333333333334
Canaiolo,88.33333333333333,40.666666666666664
Cannonau,87.5952380952381,30.675675675675677
Caprettone,92.0,19.0
Carcajolu,88.0,21.0
Carignan,88.73626373626374,43.64835164835165
Carignan-Grenache,89.125,30.375
Carignan-Syrah,90.5,48.5
Carignane,88.05555555555556,25.942857142857143
Carignano,89.36363636363636,36.775
Carineña,86.2,22.2
Cariñena-Garnacha,89.5,31.0
Carmenère,86.47809762202753,21.372299872935198
Carmenère-Cabernet Sauvignon,87.86666666666666,21.5
Carmenère-Syrah,86.0,18.25
Carnelian,87.0,14.0
Carricante,89.73170731707317,39.55
Casavecchia,87.71428571428571,44.57142857142857
Castelão,87.10526315789474,15.54054054054054
Catalanesca,89.0,19.0
Catarratto,86.78125,19.724137931034484
Cayuga,84.33333333333333,18.333333333333332
Centesimino,92.0,36.0
Cerceal,89.6,42.8
Cercial,88.0,50.0
Cesanese,90.0,20.0
Cesanese d'Affile,87.33333333333333,23.833333333333332
Chambourcin,83.47368421052632,18.36842105263158
Champagne Blend,89.65140650854937,71.59581218274111
Chancellor,80.5,16.0
Charbono,88.2051282051282,32.666666666666664
Chardonel,83.0,11.0
Chardonelle,82.0,30.0
Chardonnay,88.118208,33.75525515376817
Chardonnay Weissburgunder,92.0,41.5
Chardonnay-Albariño,91.66666666666667,30.0
Chardonnay-Pinot Blanc,89.5,39.0
Chardonnay-Pinot Grigio,84.0,9.0
Chardonnay-Pinot Gris,84.0,13.5
Chardonnay-Riesling,87.0,24.0
Chardonnay-Sauvignon,85.7,13.666666666666666
Chardonnay-Sauvignon Blanc,88.0,13.6
Chardonnay-Semillon,86.44444444444444,17.555555555555557
Chardonnay-Viognier,85.46153846153847,15.653061224489797
Chasselas,88.77777777777777,22.375
Chelois,85.0,22.5
Chenin Blanc,88.38071693448703,22.83402489626556
Chenin Blanc-Chardonnay,87.45454545454545,14.527777777777779
Chenin Blanc-Sauvignon Blanc,84.83333333333333,10.5
Chenin Blanc-Viognier,87.36363636363636,16.09090909090909
Chinuri,86.0,25.333333333333332
Ciliegiolo,88.57142857142857,31.428571428571427
Cinsault,88.45652173913044,25.22222222222222
Clairette,88.5,20.666666666666668
Claret,87.93181818181819,46.59090909090909
Cococciola,86.0,20.0
Coda di Volpe,85.45454545454545,19.375
Colombard,86.88888888888889,17.115384615384617
Colombard-Sauvignon Blanc,85.27272727272727,11.0
Colombard-Ugni Blanc,85.14285714285714,10.285714285714286
Colorino,87.66666666666667,35.0
Cortese,86.12087912087912,20.40963855421687
Corvina,88.5,41.541666666666664
"Corvina, Rondinella, Molinara",88.59936658749011,47.25406504065041
Counoise,88.88888888888889,29.555555555555557
Crespiello,87.0,52.0
Cserszegi Fűszeres,83.5,9.0
Códega do Larinho,87.75,18.0
Dafni,85.0,20.0
Debit,87.0,49.0
Diamond,86.0,10.0
Dolcetto,86.98084291187739,21.25
Dornfelder,86.85714285714286,18.142857142857142
Doña Blanca,87.0,50.5
Duras,88.42857142857143,21.333333333333332
Durella,89.625,32.5
Durello,86.0,22.0
Durif,87.4,36.6
Edelzwicker,89.0,18.4
Ekigaïna,85.0,
Elbling,87.33333333333333,16.0
Emir,86.66666666666667,16.333333333333332
Enantio,85.0,
Encruzado,89.71794871794872,22.91176470588235
Erbaluce,88.66666666666667,22.333333333333332
Espadeiro,84.0,
Falanghina,87.05405405405405,20.768421052631577
Favorita,86.0,22.25
Fer Servadou,86.5,16.333333333333332
Fernão Pires,87.19047619047619,20.2
Feteasca,86.0,14.333333333333334
Feteasca Neagra,86.1,16.4
Feteascǎ Regalǎ,86.8,10.0
Fiano,88.10169491525424,26.69871794871795
Folle Blanche,85.0,16.0
Forcallà,83.0,27.0
Francisa,91.0,160.0
Franconia,86.0,16.0
Frankovka,88.0,24.0
Frappato,87.67391304347827,22.666666666666668
Freisa,86.5,21.0
Friulano,87.8013698630137,23.543478260869566
Früburgunder,90.0,40.0
Fumé Blanc,87.83620689655173,21.460176991150444
Furmint,89.37931034482759,43.55172413793103
G-S-M,88.57918552036199,32.877272727272725
Gaglioppo,86.75,19.63157894736842
Gamay,87.91425908667289,20.515078407720146
Gamay Noir,87.21739130434783,22.227272727272727
Gamza,89.0,11.0
Garganega,87.45,20.437062937062937
Garnacha,85.83802816901408,20.462264150943398
Garnacha Blanca,86.17647058823529,18.794117647058822
Garnacha Blend,87.5,19.0
Garnacha Tintorera,87.125,16.75
Garnacha-Cabernet,86.0,21.5
Garnacha-Cariñena,93.0,57.0
Garnacha-Graciano,85.0,15.333333333333334
Garnacha-Monastrell,87.0,11.666666666666666
Garnacha-Syrah,85.1875,12.625
Garnacha-Tempranillo,86.2,11.2
Gelber Muskateller,88.52380952380952,25.076923076923077
Gelber Traminer,92.5,35.0
Gewürztraminer,88.31424025457439,25.966015293118097
Gewürztraminer-Riesling,86.8,23.5
Glera,87.12650602409639,20.005755395683455
Godello,87.11428571428571,22.23
Gouveio,88.33333333333333,22.5
Graciano,87.92156862745098,43.72
Gragnano,82.5,16.5
Grauburgunder,89.05882352941177,24.266666666666666
Graševina,89.0,20.0
Grecanico,87.0,21.5
Grechetto,86.47058823529412,16.642857142857142
Greco,88.1526717557252,25.840336134453782
Greco Bianco,85.83333333333333,17.0
Grenache,88.67725540025413,34.991025641025644
Grenache Blanc,88.6,24.785714285714285
Grenache Blend,86.77777777777777,24.11111111111111
Grenache Gris,89.0,32.0
Grenache Noir,89.0,28.333333333333332
Grenache-Carignan,89.6470588235294,27.235294117647058
Grenache-Mourvèdre,88.0,36.6
Grenache-Shiraz,88.25,20.416666666666668
Grenache-Syrah,88.07042253521126,28.04225352112676
Grignolino,86.0,17.0
Grillo,86.89473684210526,17.47107438016529
Grolleau,86.0,32.0
Groppello,87.0,23.0
Gros Manseng,88.24,17.666666666666668
Gros Plant,86.0,16.0
Gros and Petit Manseng,89.81132075471699,20.951219512195124
Grüner Veltliner,89.82574257425743,28.304107424960506
Hondarrabi Zuri,86.0909090909091,20.318181818181817
Huxelrebe,88.0,37.0
Hárslevelü,86.25,19.5
Incrocio Manzoni,88.0,26.333333333333332
Insolia,86.66666666666667,17.4390243902439
Inzolia,86.0,14.870967741935484
Irsai Oliver,87.0,13.0
Jacquez,84.75,35.75
Jacquère,87.54166666666667,16.869565217391305
Jaen,89.22222222222223,29.5
Jampal,88.0,25.0
Johannisberg Riesling,85.89473684210526,12.11111111111111
Kadarka,88.33333333333333,22.0
Kalecik Karasi,89.3076923076923,25.076923076923077
Kallmet,88.0,20.0
Kangoun,87.0,14.0
Karalahna,87.0,15.0
Karasakiz,89.0,15.0
Kekfrankos,86.61538461538461,27.076923076923077
Kerner,88.92307692307692,23.2
Kinali Yapincak,84.0,15.0
Királyleányka,84.0,9.0
Kisi,87.0,20.4
Koshu,85.0,24.0
Kotsifali,92.0,13.0
Kuntra,86.0,15.0
Lacrima,87.0,15.5
Lagrein,88.44705882352942,32.89156626506024
Lambrusco,84.56060606060606,15.379310344827585
Lambrusco Grasparossa,87.5,18.1875
Lambrusco Salamino,88.0,18.5
Lambrusco di Sorbara,89.47368421052632,20.705882352941178
Lemberger,87.16666666666667,19.895833333333332
Listán Negro,88.5,32.5
Loin de l'Oeil,91.33333333333333,27.333333333333332
Loureiro,87.65217391304348,12.61111111111111
Loureiro-Arinto,86.0,10.0
Macabeo,85.03703703703704,15.333333333333334
Macabeo-Chardonnay,85.33333333333333,11.5
Macabeo-Gewürztraminer,87.0,10.0
Macabeo-Moscatel,85.0,7.5
Madeira Blend,88.75,35.857142857142854
Madeleine Angevine,85.5,17.5
Magliocco,88.6,28.333333333333332
Malagousia,88.45454545454545,20.727272727272727
Malagouzia,88.5,20.0
Malagouzia-Chardonnay,86.0,8.0
Malbec,87.78889211980227,28.68654935878318
Malbec Blend,89.66666666666667,66.5
Malbec-Bonarda,86.28571428571429,16.571428571428573
Malbec-Cabernet,91.66666666666667,113.33333333333333
Malbec-Cabernet Franc,88.36363636363636,38.0
Malbec-Cabernet Sauvignon,88.125,38.06944444444444
Malbec-Carménère,91.0,43.0
Malbec-Merlot,88.12037037037037,20.117021276595743
Malbec-Petit Verdot,91.0,39.5
Malbec-Syrah,85.57142857142857,16.9
Malbec-Tannat,89.53333333333333,31.666666666666668
Malbec-Tempranillo,87.33333333333333,22.333333333333332
Malmsey,90.5,29.0
Malvar,84.5,23.5
Malvasia,87.23214285714286,26.037735849056602
Malvasia Bianca,87.92307692307692,21.24
Malvasia Fina,87.4,23.6
Malvasia Istriana,85.9,19.77777777777778
Malvasia Nera,86.8,31.6
Malvasia di Candia,87.0,22.5
Malvasia-Viura,85.0,17.666666666666668
Malvazija,90.0,20.0
Malvoisie,86.0,14.0
Mandilaria,88.5,25.0
Mansois,87.4,15.75
Mantonico,87.55555555555556,28.285714285714285
Manzoni,87.0,22.333333333333332
Marawi,87.5,35.0
Maria Gomes,88.0,11.0
Maria Gomes-Bical,86.0,25.0
Marquette,84.5,18.0
Marsanne,88.52542372881356,41.47826086956522
Marsanne-Roussanne,87.26666666666667,28.833333333333332
Marsanne-Viognier,88.66666666666667,31.666666666666668
Marselan,88.75,34.0
Marzemino,86.5,44.333333333333336
Maréchal Foch,89.0,14.0
Mataro,89.5,54.25
Maturana,86.5,57.5
Mauzac,87.77777777777777,17.333333333333332
Mavrodaphne,86.1,14.5
Mavrokalavryta,86.0,15.0
Mavrotragano,90.0,50.0
Mavroudi,87.5,16.0
Mavrud,88.125,15.625
Mazuelo,87.75,78.25
Melnik,88.66666666666667,22.333333333333332
Melon,88.22064056939502,16.872427983539094
Mencía,88.61538461538461,29.49074074074074
Meoru,81.5,13.5
Meritage,87.62824207492795,36.543352601156066
Merlot,86.79672062224091,27.617239172178365
Merlot-Argaman,83.5,13.0
Merlot-Cabernet,87.35714285714286,18.923076923076923
Merlot-Cabernet Franc,88.48484848484848,38.375
Merlot-Cabernet Sauvignon,87.1969696969697,29.75409836065574
Merlot-Grenache,86.5,10.5
Merlot-Malbec,87.38461538461539,33.333333333333336
Merlot-Petite Verdot,83.0,20.0
Merlot-Shiraz,84.0,14.5
Merlot-Syrah,86.0,20.666666666666668
Merlot-Tannat,89.33333333333333,18.333333333333332
Merseguera-Sauvignon Blanc,85.0,9.0
Meseguera,91.0,35.0
Misket,85.0,19.0
Mission,90.0,68.0
Molinara,87.0,25.0
Monastrell,86.85975609756098,19.234567901234566
Monastrell-Petit Verdot,88.0,19.5
Monastrell-Syrah,86.30434782608695,17.217391304347824
Mondeuse,87.58823529411765,26.142857142857142
Monica,86.14285714285714,22.666666666666668
Montepulciano,87.0,24.968
Morava,87.0,26.0
Morillon,89.57142857142857,29.714285714285715
Morio Muskat,86.5,14.0
Moristel,84.0,12.0
Moscadello,89.92307692307692,38.25
Moscatel,88.046875,31.896551724137932
Moscatel Graúdo,87.5,13.0
Moscatel Roxo,88.85714285714286,22.0
Moscatel de Alejandría,85.33333333333333,18.666666666666668
Moscato,86.25376344086021,16.483568075117372
Moscato Giallo,87.66666666666667,21.705882352941178
Moscato Rosa,90.0,33.5
Moscato di Noto,92.0,40.0
Moschofilero,87.72340425531915,15.425531914893616
Moschofilero-Chardonnay,85.0,13.0
Moscofilero,87.0,14.0
Mourvèdre,88.84074074074074,33.947565543071164
Mourvèdre-Syrah,91.0,43.666666666666664
Mtsvane,87.6,20.75
Muscadel,91.0,88.33333333333333
Muscadelle,92.5,111.2
Muscadet,88.0,10.5
Muscadine,85.5,22.5
Muscat,88.47826086956522,29.863636363636363
Muscat Blanc,88.625,23.0
Muscat Blanc à Petit Grain,86.0,19.25
Muscat Blanc à Petits Grains,86.0,16.0
Muscat Canelli,87.51851851851852,19.35185185185185
Muscat Hamburg,88.0,18.75
Muscat d'Alexandrie,86.5,17.5
Muscat of Alexandria,86.75,16.5
Muscatel,87.0,15.333333333333334
Muskat,89.66666666666667,20.5
Muskat Ottonel,86.6,15.909090909090908
Muskateller,86.8,26.0
Müller-Thurgau,86.53061224489795,18.489795918367346
Narince,87.14285714285714,21.285714285714285
Nascetta,87.83333333333333,27.0
Nasco,91.4,51.25
Nebbiolo,90.3256484149856,66.96468253968254
Negrette,87.65,19.444444444444443
Negroamaro,86.8076923076923,18.33684210526316
Nerello Cappuccio,89.83333333333333,32.666666666666664
Nerello Mascalese,89.67647058823529,40.116279069767444
Nero d'Avola,87.5,23.697619047619046
Nero di Troia,88.1,32.0
Neuburger,90.11111111111111,22.0
Nielluciu,89.0,23.333333333333332
Norton,83.95238095238095,23.61904761904762
Nosiola,87.75,26.875
Nuragus,86.44444444444444,16.0
Ojaleshi,88.0,18.0
Okuzgozu,89.5,23.875
Ondenc,90.0,15.0
Orange Muscat,87.9,18.933333333333334
Orangetraube,90.0,22.5
Other,89.0,27.0
Otskhanuri Sapere,90.0,30.0
Pallagrello,87.71428571428571,35.53846153846154
Pallagrello Bianco,87.6,31.6
Pallagrello Nero,87.75,45.25
Palomino,88.82608695652173,42.130434782608695
Pansa Blanca,85.28571428571429,17.642857142857142
Papaskarasi,86.0,22.0
Paralleda,83.0,11.0
Pardina,83.0,11.0
Parraleta,83.0,13.5
Passerina,86.26923076923077,17.0
País,86.0,19.0
Pecorino,87.32075471698113,19.97872340425532
Pedro Ximénez,89.63793103448276,31.2
Pelaverga Piccolo,88.0,28.0
Perricone,87.75,26.11111111111111
Petit Courbu,88.0,19.0
Petit Manseng,89.98412698412699,30.563636363636363
Petit Meslier,89.0,
Petit Verdot,88.2332268370607,38.56535947712418
Petite Sirah,87.7826520438684,30.469061876247505
Petite Syrah,86.5,46.5
Petite Verdot,87.52173913043478,44.0
Petroulianos,86.5,25.0
Picapoll,82.5,22.0
Picolit,90.93939393939394,72.0
Picpoul,87.77777777777777,20.470588235294116
Pied de Perdrix,87.0,13.0
Piedirosso,86.6875,20.875
Pigato,84.0,15.5
Pignoletto,84.5,16.333333333333332
Pignolo,92.0,70.0
Pineau d'Aunis,86.5,
Pinela,88.0,30.0
Pinot Auxerrois,86.92307692307692,23.5
Pinot Bianco,88.35519125683061,24.45614035087719
Pinot Blanc,87.57952468007312,19.872916666666665
Pinot Blanc-Chardonnay,87.75,23.5
Pinot Blanc-Pinot Noir,85.5,17.0
Pinot Blanc-Viognier,87.0,19.0
Pinot Grigio,86.04050279329608,15.809454545454546
Pinot Grigio-Chardonnay,84.0,10.0
Pinot Grigio-Sauvignon Blanc,87.0,35.0
Pinot Gris,88.20299022426683,22.941958887545344
Pinot Gris-Gewürztraminer,90.0,20.0
Pinot Meunier,89.02173913043478,45.75555555555555
Pinot Nero,88.58793969849246,33.79190751445087
Pinot Noir,89.17452405260946,46.55392218190917
Pinot Noir-Gamay,85.66666666666667,18.235294117647058
Pinot Noir-Syrah,88.0,38.666666666666664
Pinot-Chardonnay,89.16666666666667,28.666666666666668
Pinotage,87.04326923076923,21.412935323383085
Pinotage-Merlot,84.0,10.0
Piquepoul Blanc,88.0,13.0
Plavac Mali,87.89473684210526,34.68421052631579
Plyto,87.0,19.5
Port,89.01289134438306,57.22154963680387
Portuguese Red,88.80944176430049,24.775923718712754
Portuguese Rosé,84.53333333333333,17.0
Portuguese Sparkling,86.04545454545455,17.18
Portuguese White,87.04188880426504,15.44731977818854
Portuguiser,86.0,15.0
Posip,87.625,24.0
Poulsard,87.33333333333333,26.0
Premsal,83.0,15.0
Prieto Picudo,85.30434782608695,31.17391304347826
Primitivo,86.93771626297578,24.18076923076923
Prié Blanc,88.33333333333333,24.2
Prokupac,88.0,21.0
Prosecco,86.43052391799544,18.701333333333334
Provence red blend,90.12727272727273,30.607843137254903
Provence white blend,88.03333333333333,24.035714285714285
Prugnolo Gentile,88.33333333333333,39.714285714285715
Prunelard,91.0,23.0
Pugnitello,87.75,49.25
Rabigato,89.33333333333333,34.0
Raboso,85.875,26.2
Ramisco,93.0,495.0
Rara Neagra,89.5,17.5
Rebo,88.0,27.0
Rebula,88.0,22.666666666666668
Red Blend,88.24594257178526,35.650703693208655
Refosco,87.07692307692308,42.8
Rhône-style Red Blend,88.88597430406853,33.592406476828586
Rhône-style White Blend,88.40115163147793,32.33918128654971
Ribolla Gialla,87.5340909090909,27.82716049382716
Rieslaner,90.42857142857143,40.4
Riesling,89.09512269009392,31.04763422016887
Riesling-Chardonnay,94.0,40.0
Rivaner,86.66666666666667,16.333333333333332
Rkatsiteli,86.5,21.516129032258064
Robola,87.25,22.0
Roditis,85.47058823529412,14.125
Roditis-Moschofilero,88.0,11.0
Rolle,88.25,22.25
Romorantin,90.66666666666667,23.333333333333332
Rosado,84.75,13.27027027027027
Rosato,86.79591836734694,17.48780487804878
Roscetto,88.5,23.0
Rosenmuskateller,92.5,150.0
Rosé,86.69305413687437,18.089175546831182
Roter Traminer,90.28571428571429,32.25
Roter Veltliner,90.0,33.38461538461539
Rotgipfler,89.5909090909091,26.6875
Roussanne,88.31603773584905,27.80094786729858
Roussanne-Grenache Blanc,91.0,16.0
Roussanne-Marsanne,88.28571428571429,33.333333333333336
Roussanne-Viognier,88.88235294117646,29.41176470588235
Roviello,92.5,28.0
Ruché,87.08333333333333,27.416666666666668
Ruen,89.0,15.0
Rufete,84.33333333333333,23.0
Ryzlink Rýnský,89.0,40.0
Sacy,86.5,19.0
Sagrantino,89.6171875,53.00909090909091
Sangiovese,88.35222894881673,42.143259305599
Sangiovese Cabernet,87.66666666666667,46.333333333333336
Sangiovese Grosso,90.45496323529412,65.13144963144963
Sangiovese-Cabernet Sauvignon,86.28571428571429,29.142857142857142
Sangiovese-Syrah,88.8,45.2
Saperavi,87.275,21.0
Saperavi-Merlot,87.0,17.5
Sarba,88.0,10.0
Sauvignon,87.97214484679665,25.550295857988164
Sauvignon Blanc,87.14376010583567,19.529366895499617
Sauvignon Blanc-Assyrtiko,92.0,20.0
Sauvignon Blanc-Chardonnay,87.81818181818181,19.22222222222222
Sauvignon Blanc-Chenin Blanc,87.4,15.8
Sauvignon Blanc-Sauvignon Gris,86.0,
Sauvignon Blanc-Semillon,87.86021505376344,24.236559139784948
Sauvignon Blanc-Verdejo,84.66666666666667,12.333333333333334
Sauvignon Gris,86.11111111111111,21.133333333333333
Sauvignon Musqué,85.5,21.5
Sauvignon-Sémillon,86.0,12.0
Sauvignonasse,90.0,25.0
Savagnin,89.43478260869566,42.11764705882353
Savatiano,87.125,14.714285714285714
Scheurebe,90.39393939393939,43.193548387096776
Schiava,88.0909090909091,18.545454545454547
Schwartzriesling,90.0,25.0
Sciaccerellu,89.0,45.5
Segalin,87.0,10.0
Semillon-Chardonnay,85.6,9.8
Semillon-Sauvignon Blanc,88.04597701149426,26.67058823529412
Sercial,92.33333333333333,35.5
Seyval Blanc,84.22222222222223,19.72222222222222
Sherry,89.65040650406505,31.9672131147541
Shiraz,88.50238095238095,37.47090909090909
Shiraz-Cabernet,86.5,47.0
Shiraz-Cabernet Sauvignon,87.02564102564102,20.986486486486488
Shiraz-Grenache,89.4074074074074,24.703703703703702
Shiraz-Malbec,88.33333333333333,16.833333333333332
Shiraz-Merlot,85.0,10.0
Shiraz-Mourvèdre,88.66666666666667,17.666666666666668
Shiraz-Pinotage,87.0,10.666666666666666
Shiraz-Roussanne,90.0,29.0
Shiraz-Tempranillo,84.14285714285714,9.857142857142858
Shiraz-Viognier,89.1891891891892,44.24324324324324
Sideritis,85.0,23.0
Siegerrebe,86.0,14.0
Silvaner,87.32692307692308,42.791666666666664
Silvaner-Traminer,86.0,25.0
Siria,87.0909090909091,13.7
Sirica,93.0,32.0
Sousão,88.28571428571429,36.285714285714285
Souzao,86.5,30.0
Sparkling Blend,87.86536994660564,28.93527242933224
Spätburgunder,89.16666666666667,58.34939759036145
St. George,86.0,12.0
St. Laurent,89.46363636363637,32.82795698924731
St. Vincent,85.0,24.0
Steen,85.0,11.0
Susumaniello,89.5,35.666666666666664
Sylvaner,88.31481481481481,22.244444444444444
Symphony,84.6,15.0
Syrah,88.90078551912568,37.940940766550526
Syrah-Bonarda,87.0,13.0
Syrah-Cabernet,87.1891891891892,29.054054054054053
Syrah-Cabernet Franc,90.33333333333333,66.0
Syrah-Cabernet Sauvignon,89.51351351351352,44.891891891891895
Syrah-Carignan,89.75,22.75
Syrah-Grenache,88.25714285714285,27.130434782608695
Syrah-Grenache-Viognier,88.66666666666667,24.666666666666668
Syrah-Malbec,89.0,14.0
Syrah-Merlot,88.33333333333333,29.666666666666668
Syrah-Mourvèdre,89.05882352941177,32.94117647058823
Syrah-Petit Verdot,92.0,42.0
Syrah-Petite Sirah,89.6,40.3
Syrah-Tempranillo,89.125,36.5
Syrah-Viognier,89.47058823529412,48.75
Sämling,91.5,35.333333333333336
Sémillon,88.20535714285714,23.3302752293578
Tai,84.0,10.0
Tamianka,89.0,20.0
Tamjanika,87.5,20.0
Tannat,88.2390243902439,31.584615384615386
Tannat-Cabernet,90.27272727272727,20.14814814814815
Tannat-Cabernet Franc,90.92857142857143,20.928571428571427
Tannat-Merlot,87.33333333333333,18.22222222222222
Tannat-Syrah,86.83333333333333,17.5
Tempranillo,87.12815378454145,30.611988659376266
Tempranillo Blanco,83.4,30.0
Tempranillo Blend,87.91288343558283,35.38951310861423
Tempranillo-Cabernet Sauvignon,86.0909090909091,34.1948051948052
Tempranillo-Garnacha,84.38636363636364,11.454545454545455
Tempranillo-Malbec,90.5,29.0
Tempranillo-Merlot,85.0,14.9375
Tempranillo-Shiraz,84.33333333333333,14.25
Tempranillo-Syrah,86.5,17.5
Tempranillo-Tannat,88.0,20.0
Teran,87.54545454545455,24.545454545454547
Teroldego,88.54285714285714,31.029411764705884
Teroldego Rotaliano,86.0,15.0
Terrantez,95.0,236.0
Terret Blanc,88.0,
Thrapsathiri,88.0,25.0
Timorasso,90.75,45.75
Tinta Amarela,90.0,30.0
Tinta Barroca,87.5,26.5
Tinta Cao,90.0,14.0
Tinta Fina,87.76923076923077,30.076923076923077
Tinta Francisca,90.33333333333333,50.0
Tinta Madeira,89.0,45.0
Tinta Miúda,88.0,21.0
Tinta Negra Mole,87.66666666666667,46.666666666666664
Tinta Roriz,88.1875,31.2
Tinta de Toro,89.31390134529148,46.84234234234234
Tinta del Pais,95.0,47.5
Tinta del Toro,86.33333333333333,23.333333333333332
Tintilia ,87.0,25.0
Tinto Fino,89.86363636363636,65.48181818181818
Tinto Velasco,85.0,9.0
Tinto del Pais,87.92063492063492,55.33870967741935
Tocai,88.27272727272727,20.5
Tocai Friulano,87.30555555555556,25.0625
Tocai Rosso,84.0,16.0
Tokaji,90.70588235294117,74.04
Tokay,92.23076923076923,74.15384615384616
Tokay Pinot Gris,88.0,28.25
Torbato,89.0,21.0
Torontel,92.0,40.0
Torrontés,85.32183908045977,13.206395348837209
Touriga,89.0,45.5
Touriga Franca,88.66666666666667,23.625
Touriga Nacional,88.82644628099173,28.67142857142857
Touriga Nacional Blend,89.13636363636364,28.4375
Touriga Nacional-Cabernet Sauvignon,88.21212121212122,14.533333333333333
Trajadura,86.0,7.0
Traminer,87.47826086956522,23.121951219512194
Traminette,84.75,14.333333333333334
Trebbiano,86.83870967741936,22.384615384615383
Trebbiano Spoletino,87.71428571428571,22.4
Trebbiano di Lugana,86.6,23.6
Trebbiano-Malvasia,90.66666666666667,49.0
Treixadura,87.5,16.5
Trepat,87.3076923076923,21.53846153846154
Trincadeira,87.66666666666667,20.19047619047619
Trollinger,90.5,21.5
Trousseau,87.16666666666667,37.666666666666664
Trousseau Gris,88.5,22.5
Tsapournakos,90.0,27.0
Tsolikouri,87.0,14.0
Turbiana,88.8639455782313,23.440298507462686
Tămâioasă Românească,88.0,11.0
Ugni Blanc,90.66666666666667,27.0
Ugni Blanc-Colombard,85.92307692307692,10.583333333333334
Uva di Troia,87.57142857142857,24.76923076923077
Uvalino,88.0,29.0
Valdiguié,86.33333333333333,18.666666666666668
Valvin Muscat,87.0,13.0
Veltliner,90.0,29.5
Verdeca,86.0,15.5
Verdejo,86.38147138964578,16.10989010989011
Verdejo-Sauvignon Blanc,85.14285714285714,12.0
Verdejo-Viura,85.72727272727273,10.954545454545455
Verdelho,87.0111111111111,18.765432098765434
Verdicchio,87.70833333333333,22.135802469135804
Verdil,86.0,18.0
Verdosilla,84.0,17.0
Verduzzo,89.625,28.857142857142858
Verduzzo Friulano ,88.5,37.375
Vermentino,87.42181818181818,22.651452282157678
Vermentino Nero,88.0,45.0
Vernaccia,87.04729729729729,18.62686567164179
Vespaiolo,88.0,25.0
Vespolina,88.0,25.0
Vidadillo,89.0,24.0
Vidal,89.27272727272727,40.90909090909091
Vidal Blanc,87.0,34.5
Vignoles,85.05882352941177,16.764705882352942
Vilana,85.5,12.833333333333334
Vinhão,86.8,22.0
Viognier,87.51203966005666,24.921863799283155
Viognier-Chardonnay,85.57142857142857,19.1
Viognier-Gewürztraminer,86.0,15.0
Viognier-Grenache Blanc,89.66666666666667,32.0
Viognier-Marsanne,88.0,20.166666666666668
Viognier-Roussanne,88.58333333333333,24.0
Viognier-Valdiguié,84.0,17.0
Viosinho,88.75,24.5
Vital,90.0,
Vitovska,90.33333333333333,64.33333333333333
Viura,85.04827586206896,14.202797202797203
Viura-Chardonnay,84.625,10.4375
Viura-Sauvignon Blanc,84.0,13.0
Viura-Verdejo,84.5,12.0
Vranac,86.0,11.0
Vranec,85.75,15.5
Weissburgunder,89.08196721311475,25.333333333333332
Welschriesling,89.29729729729729,32.54545454545455
White Blend,87.25819935691318,22.91958041958042
White Port,88.66666666666667,27.0
White Riesling,88.24137931034483,20.06896551724138
Xarel-lo,86.09375,19.193548387096776
Xinisteri,84.5,15.0
Xinomavro,86.62,22.081632653061224
Xynisteri,87.0,18.5
Yapincak,85.5,18.0
Zelen,88.0,
Zibibbo,90.27027027027027,37.34375
Zierfandler,90.53333333333333,32.36363636363637
Zierfandler-Rotgipfler,90.4,23.75
Zinfandel,87.31650893796004,28.309799789251844
Zlahtina,86.66666666666667,15.333333333333334
Zweigelt,87.95081967213115,21.474654377880185
Çalkarası,86.5,19.0
Žilavka,87.0,14.0
